"Symphony Parte 1: Criação de uma API Restful";Sim
"Symphony Parte 2: Autenticação e HATEOAS";Sim
"PHP Doctrine: Introdução ao Mapeamento Objeto-Relacional";Sim
"Laravel parte 1: Produtividade no desenvolvimento web";Sim
"Laravel Parte 2: Trabalhando com Autenticação, Relacionamento e Testes";Sim
"Lumen: API Rest com o Micro-framework do Laravel";Sim
"Introdução ao PHP: Primeiros passos com a linguagem";Sim
"Avançando em PHP: Arrays, String, Função e Web";Sim
"MVC com PHP: Entenda o padrão Model-View-Controller";Sim
"PHP Composer: Dependências, Autoload e Publicação";Sim
"PHP e TDD: Testes com PHPUnit";Sim
"Design Patters PHP I: Boas práticas de programação";NÃ£o
"Design Patters PHP II: Boas práticas de programaçãoCurso de PBO: Persistencia com PHP";NÃ£o
"PHP base: Conceitos Basicos de PHP";NÃ£o
